bal_accuracy,precision_m,recall_m,f1_m,model
0.8064035186177841,0.8831900385413578,0.8831900385413578,0.8831900385413578,CNB
0.7530258498776035,0.8224132819448562,0.8224132819448562,0.8224132819448562,KNN
0.8201857662161387,0.8698487992884673,0.8698487992884673,0.8698487992884673,SVM
0.7684469786150921,0.801956715090424,0.801956715090424,0.801956715090424,RF
